Workbook

Sheet Task4 Q1-8
A1: Id | B1: ActivityDate | C1: TotalSteps | D1: TotalDistance | E1: VeryActiveMinutes | F1: FairlyActiveMinutes | G1: LightlyActiveMinutes | H1: Calories | I1: Unique IDs | J1: Days of use | K1: Group By Days | L1: Mean | M1: Group By Mean | N1: Total Steps | O1: Total Calories | P1: AverageVeryActiveMinutes | Q1: AverageFairlyActiveMinutes | R1: AverageLightlyActiveMinutes
A2: 1503960366 | B2: 42472 | C2: 13162 | D2: 8.5 | E2: 25 | F2: 13 | G2: 328 | H2: 1985 | I2: 1503960366 | J2: =COUNTIFS($A$2:$A$941,I2,$B$2:$B$941,"<>") -> 31 | K2: =IF(J2>20,"Active",IF(AND(J2>=10,J2<=20),"Moderate","Light")) -> Active | L2: =AVERAGEIF($A$2:$A$941,I2,$D$2:$D$941) -> 7.8096774 | M2: =IF(L2>10,"Pro",IF(AND(L2<=10,L2>=5),"Intermediate","Beginner")) -> Intermediate | N2: =SUMIF($A$2:$A$941,I2,$C$2:$C$941) -> 375619 | O2: =SUMIF($A$2:$A$941,I2,$H$2:$H$941) -> 56309 | P2: =AVERAGEIF($A$2:$A$941,I2,$E$2:$E$941) -> 38.709677 | Q2: =AVERAGEIF($A$2:$A$941,I2,$F$2:$F$941) -> 19.16129 | R2: =AVERAGEIF($A$2:$A$941,I2,$G$2:$G$941) -> 219.93548
A3: 1503960366 | B3: 42473 | C3: 10735 | D3: 6.9699998 | E3: 21 | F3: 19 | G3: 217 | H3: 1797 | I3: 1624580081 | J3: =COUNTIFS($A$2:$A$941,I3,$B$2:$B$941,"<>") -> 31 | K3: =IF(J3>20,"Active",IF(AND(J3>=10,J3<=20),"Moderate","Light")) -> Active | L3: =AVERAGEIF($A$2:$A$941,I3,$D$2:$D$941) -> 3.9148387 | M3: =IF(L3>10,"Pro",IF(AND(L3<=10,L3>=5),"Intermediate","Beginner")) -> Beginner | N3: =SUMIF($A$2:$A$941,I3,$C$2:$C$941) -> 178061 | O3: =SUMIF($A$2:$A$941,I3,$H$2:$H$941) -> 45984 | P3: =AVERAGEIF($A$2:$A$941,I3,$E$2:$E$941) -> 8.6774194 | Q3: =AVERAGEIF($A$2:$A$941,I3,$F$2:$F$941) -> 5.8064516 | R3: =AVERAGEIF($A$2:$A$941,I3,$G$2:$G$941) -> 153.48387
A4: 1503960366 | B4: 42474 | C4: 10460 | D4: 6.7399998 | E4: 30 | F4: 11 | G4: 181 | H4: 1776 | I4: 1644430081 | J4: =COUNTIFS($A$2:$A$941,I4,$B$2:$B$941,"<>") -> 30 | K4: =IF(J4>20,"Active",IF(AND(J4>=10,J4<=20),"Moderate","Light")) -> Active | L4: =AVERAGEIF($A$2:$A$941,I4,$D$2:$D$941) -> 5.2953334 | M4: =IF(L4>10,"Pro",IF(AND(L4<=10,L4>=5),"Intermediate","Beginner")) -> Intermediate | N4: =SUMIF($A$2:$A$941,I4,$C$2:$C$941) -> 218489 | O4: =SUMIF($A$2:$A$941,I4,$H$2:$H$941) -> 84339 | P4: =AVERAGEIF($A$2:$A$941,I4,$E$2:$E$941) -> 9.5666667 | Q4: =AVERAGEIF($A$2:$A$941,I4,$F$2:$F$941) -> 21.366667 | R4: =AVERAGEIF($A$2:$A$941,I4,$G$2:$G$941) -> 178.46667
A5: 1503960366 | B5: 42475 | C5: 9762 | D5: 6.2800002 | E5: 29 | F5: 34 | G5: 209 | H5: 1745 | I5: 1844505072 | J5: =COUNTIFS($A$2:$A$941,I5,$B$2:$B$941,"<>") -> 31 | K5: =IF(J5>20,"Active",IF(AND(J5>=10,J5<=20),"Moderate","Light")) -> Active | L5: =AVERAGEIF($A$2:$A$941,I5,$D$2:$D$941) -> 1.706129 | M5: =IF(L5>10,"Pro",IF(AND(L5<=10,L5>=5),"Intermediate","Beginner")) -> Beginner | N5: =SUMIF($A$2:$A$941,I5,$C$2:$C$941) -> 79982 | O5: =SUMIF($A$2:$A$941,I5,$H$2:$H$941) -> 48778 | P5: =AVERAGEIF($A$2:$A$941,I5,$E$2:$E$941) -> 0.12903226 | Q5: =AVERAGEIF($A$2:$A$941,I5,$F$2:$F$941) -> 1.2903226 | R5: =AVERAGEIF($A$2:$A$941,I5,$G$2:$G$941) -> 115.45161
A6: 1503960366 | B6: 42476 | C6: 12669 | D6: 8.1599998 | E6: 36 | F6: 10 | G6: 221 | H6: 1863 | I6: 1927972279 | J6: =COUNTIFS($A$2:$A$941,I6,$B$2:$B$941,"<>") -> 31 | K6: =IF(J6>20,"Active",IF(AND(J6>=10,J6<=20),"Moderate","Light")) -> Active | L6: =AVERAGEIF($A$2:$A$941,I6,$D$2:$D$941) -> 0.63451612 | M6: =IF(L6>10,"Pro",IF(AND(L6<=10,L6>=5),"Intermediate","Beginner")) -> Beginner | N6: =SUMIF($A$2:$A$941,I6,$C$2:$C$941) -> 28400 | O6: =SUMIF($A$2:$A$941,I6,$H$2:$H$941) -> 67357 | P6: =AVERAGEIF($A$2:$A$941,I6,$E$2:$E$941) -> 1.3225806 | Q6: =AVERAGEIF($A$2:$A$941,I6,$F$2:$F$941) -> 0.77419355 | R6: =AVERAGEIF($A$2:$A$941,I6,$G$2:$G$941) -> 38.580645
A7: 1503960366 | B7: 42477 | C7: 9705 | D7: 6.48 | E7: 38 | F7: 20 | G7: 164 | H7: 1728 | I7: 2022484408 | J7: =COUNTIFS($A$2:$A$941,I7,$B$2:$B$941,"<>") -> 31 | K7: =IF(J7>20,"Active",IF(AND(J7>=10,J7<=20),"Moderate","Light")) -> Active | L7: =AVERAGEIF($A$2:$A$941,I7,$D$2:$D$941) -> 8.0841935 | M7: =IF(L7>10,"Pro",IF(AND(L7<=10,L7>=5),"Intermediate","Beginner")) -> Intermediate | N7: =SUMIF($A$2:$A$941,I7,$C$2:$C$941) -> 352490 | O7: =SUMIF($A$2:$A$941,I7,$H$2:$H$941) -> 77809 | P7: =AVERAGEIF($A$2:$A$941,I7,$E$2:$E$941) -> 36.290323 | Q7: =AVERAGEIF($A$2:$A$941,I7,$F$2:$F$941) -> 19.354839 | R7: =AVERAGEIF($A$2:$A$941,I7,$G$2:$G$941) -> 257.45161 | S7: Criteria
A8: 1503960366 | B8: 42478 | C8: 13019 | D8: 8.5900002 | E8: 42 | F8: 16 | G8: 233 | H8: 1921 | I8: 2026352035 | J8: =COUNTIFS($A$2:$A$941,I8,$B$2:$B$941,"<>") -> 31 | K8: =IF(J8>20,"Active",IF(AND(J8>=10,J8<=20),"Moderate","Light")) -> Active | L8: =AVERAGEIF($A$2:$A$941,I8,$D$2:$D$941) -> 3.4548387 | M8: =IF(L8>10,"Pro",IF(AND(L8<=10,L8>=5),"Intermediate","Beginner")) -> Beginner | N8: =SUMIF($A$2:$A$941,I8,$C$2:$C$941) -> 172573 | O8: =SUMIF($A$2:$A$941,I8,$H$2:$H$941) -> 47760 | P8: =AVERAGEIF($A$2:$A$941,I8,$E$2:$E$941) -> 0.096774194 | Q8: =AVERAGEIF($A$2:$A$941,I8,$F$2:$F$941) -> 0.25806452 | R8: =AVERAGEIF($A$2:$A$941,I8,$G$2:$G$941) -> 256.64516 | S8: For Q8 I have used Average as it was not specified
A9: 1503960366 | B9: 42479 | C9: 15506 | D9: 9.8800001 | E9: 50 | F9: 31 | G9: 264 | H9: 2035 | I9: 2320127002 | J9: =COUNTIFS($A$2:$A$941,I9,$B$2:$B$941,"<>") -> 31 | K9: =IF(J9>20,"Active",IF(AND(J9>=10,J9<=20),"Moderate","Light")) -> Active | L9: =AVERAGEIF($A$2:$A$941,I9,$D$2:$D$941) -> 3.1877419 | M9: =IF(L9>10,"Pro",IF(AND(L9<=10,L9>=5),"Intermediate","Beginner")) -> Beginner | N9: =SUMIF($A$2:$A$941,I9,$C$2:$C$941) -> 146223 | O9: =SUMIF($A$2:$A$941,I9,$H$2:$H$941) -> 53449 | P9: =AVERAGEIF($A$2:$A$941,I9,$E$2:$E$941) -> 1.3548387 | Q9: =AVERAGEIF($A$2:$A$941,I9,$F$2:$F$941) -> 2.5806452 | R9: =AVERAGEIF($A$2:$A$941,I9,$G$2:$G$941) -> 198.19355
A10: 1503960366 | B10: 42480 | C10: 10544 | D10: 6.6799998 | E10: 28 | F10: 12 | G10: 205 | H10: 1786 | I10: 2347167796 | J10: =COUNTIFS($A$2:$A$941,I10,$B$2:$B$941,"<>") -> 18 | K10: =IF(J10>20,"Active",IF(AND(J10>=10,J10<=20),"Moderate","Light")) -> Moderate | L10: =AVERAGEIF($A$2:$A$941,I10,$D$2:$D$941) -> 6.3555555 | M10: =IF(L10>10,"Pro",IF(AND(L10<=10,L10>=5),"Intermediate","Beginner")) -> Intermediate | N10: =SUMIF($A$2:$A$941,I10,$C$2:$C$941) -> 171354 | O10: =SUMIF($A$2:$A$941,I10,$H$2:$H$941) -> 36782 | P10: =AVERAGEIF($A$2:$A$941,I10,$E$2:$E$941) -> 13.5 | Q10: =AVERAGEIF($A$2:$A$941,I10,$F$2:$F$941) -> 20.555556 | R10: =AVERAGEIF($A$2:$A$941,I10,$G$2:$G$941) -> 252.5
A11: 1503960366 | B11: 42481 | C11: 9819 | D11: 6.3400002 | E11: 19 | F11: 8 | G11: 211 | H11: 1775 | I11: 2873212765 | J11: =COUNTIFS($A$2:$A$941,I11,$B$2:$B$941,"<>") -> 31 | K11: =IF(J11>20,"Active",IF(AND(J11>=10,J11<=20),"Moderate","Light")) -> Active | L11: =AVERAGEIF($A$2:$A$941,I11,$D$2:$D$941) -> 5.1016129 | M11: =IF(L11>10,"Pro",IF(AND(L11<=10,L11>=5),"Intermediate","Beginner")) -> Intermediate | N11: =SUMIF($A$2:$A$941,I11,$C$2:$C$941) -> 234229 | O11: =SUMIF($A$2:$A$941,I11,$H$2:$H$941) -> 59426 | P11: =AVERAGEIF($A$2:$A$941,I11,$E$2:$E$941) -> 14.096774 | Q11: =AVERAGEIF($A$2:$A$941,I11,$F$2:$F$941) -> 6.1290323 | R11: =AVERAGEIF($A$2:$A$941,I11,$G$2:$G$941) -> 308
A12: 1503960366 | B12: 42482 | C12: 12764 | D12: 8.1300001 | E12: 66 | F12: 27 | G12: 130 | H12: 1827 | I12: 3372868164 | J12: =COUNTIFS($A$2:$A$941,I12,$B$2:$B$941,"<>") -> 20 | K12: =IF(J12>20,"Active",IF(AND(J12>=10,J12<=20),"Moderate","Light")) -> Moderate | L12: =AVERAGEIF($A$2:$A$941,I12,$D$2:$D$941) -> 4.707 | M12: =IF(L12>10,"Pro",IF(AND(L12<=10,L12>=5),"Intermediate","Beginner")) -> Beginner | N12: =SUMIF($A$2:$A$941,I12,$C$2:$C$941) -> 137233 | O12: =SUMIF($A$2:$A$941,I12,$H$2:$H$941) -> 38662 | P12: =AVERAGEIF($A$2:$A$941,I12,$E$2:$E$941) -> 9.15 | Q12: =AVERAGEIF($A$2:$A$941,I12,$F$2:$F$941) -> 4.1 | R12: =AVERAGEIF($A$2:$A$941,I12,$G$2:$G$941) -> 327.9
A13: 1503960366 | B13: 42483 | C13: 14371 | D13: 9.04 | E13: 41 | F13: 21 | G13: 262 | H13: 1949 | I13: 3977333714 | J13: =COUNTIFS($A$2:$A$941,I13,$B$2:$B$941,"<>") -> 30 | K13: =IF(J13>20,"Active",IF(AND(J13>=10,J13<=20),"Moderate","Light")) -> Active | L13: =AVERAGEIF($A$2:$A$941,I13,$D$2:$D$941) -> 7.5169999 | M13: =IF(L13>10,"Pro",IF(AND(L13<=10,L13>=5),"Intermediate","Beginner")) -> Intermediate | N13: =SUMIF($A$2:$A$941,I13,$C$2:$C$941) -> 329537 | O13: =SUMIF($A$2:$A$941,I13,$H$2:$H$941) -> 45410 | P13: =AVERAGEIF($A$2:$A$941,I13,$E$2:$E$941) -> 18.9 | Q13: =AVERAGEIF($A$2:$A$941,I13,$F$2:$F$941) -> 61.266667 | R13: =AVERAGEIF($A$2:$A$941,I13,$G$2:$G$941) -> 174.76667
A14: 1503960366 | B14: 42484 | C14: 10039 | D14: 6.4099998 | E14: 39 | F14: 5 | G14: 238 | H14: 1788 | I14: 4020332650 | J14: =COUNTIFS($A$2:$A$941,I14,$B$2:$B$941,"<>") -> 31 | K14: =IF(J14>20,"Active",IF(AND(J14>=10,J14<=20),"Moderate","Light")) -> Active | L14: =AVERAGEIF($A$2:$A$941,I14,$D$2:$D$941) -> 1.626129 | M14: =IF(L14>10,"Pro",IF(AND(L14<=10,L14>=5),"Intermediate","Beginner")) -> Beginner | N14: =SUMIF($A$2:$A$941,I14,$C$2:$C$941) -> 70284 | O14: =SUMIF($A$2:$A$941,I14,$H$2:$H$941) -> 73960 | P14: =AVERAGEIF($A$2:$A$941,I14,$E$2:$E$941) -> 5.1935484 | Q14: =AVERAGEIF($A$2:$A$941,I14,$F$2:$F$941) -> 5.3548387 | R14: =AVERAGEIF($A$2:$A$941,I14,$G$2:$G$941) -> 76.935484
A15: 1503960366 | B15: 42485 | C15: 15355 | D15: 9.8000002 | E15: 73 | F15: 14 | G15: 216 | H15: 2013 | I15: 4057192912 | J15: =COUNTIFS($A$2:$A$941,I15,$B$2:$B$941,"<>") -> 4 | K15: =IF(J15>20,"Active",IF(AND(J15>=10,J15<=20),"Moderate","Light")) -> Light | L15: =AVERAGEIF($A$2:$A$941,I15,$D$2:$D$941) -> 2.8625 | M15: =IF(L15>10,"Pro",IF(AND(L15<=10,L15>=5),"Intermediate","Beginner")) -> Beginner | N15: =SUMIF($A$2:$A$941,I15,$C$2:$C$941) -> 15352 | O15: =SUMIF($A$2:$A$941,I15,$H$2:$H$941) -> 7895 | P15: =AVERAGEIF($A$2:$A$941,I15,$E$2:$E$941) -> 0.75 | Q15: =AVERAGEIF($A$2:$A$941,I15,$F$2:$F$941) -> 1.5 | R15: =AVERAGEIF($A$2:$A$941,I15,$G$2:$G$941) -> 103
A16: 1503960366 | B16: 42486 | C16: 13755 | D16: 8.79 | E16: 31 | F16: 23 | G16: 279 | H16: 1970 | I16: 4319703577 | J16: =COUNTIFS($A$2:$A$941,I16,$B$2:$B$941,"<>") -> 31 | K16: =IF(J16>20,"Active",IF(AND(J16>=10,J16<=20),"Moderate","Light")) -> Active | L16: =AVERAGEIF($A$2:$A$941,I16,$D$2:$D$941) -> 4.892258 | M16: =IF(L16>10,"Pro",IF(AND(L16<=10,L16>=5),"Intermediate","Beginner")) -> Beginner | N16: =SUMIF($A$2:$A$941,I16,$C$2:$C$941) -> 225334 | O16: =SUMIF($A$2:$A$941,I16,$H$2:$H$941) -> 63168 | P16: =AVERAGEIF($A$2:$A$941,I16,$E$2:$E$941) -> 3.5806452 | Q16: =AVERAGEIF($A$2:$A$941,I16,$F$2:$F$941) -> 12.322581 | R16: =AVERAGEIF($A$2:$A$941,I16,$G$2:$G$941) -> 228.77419
A17: 1503960366 | B17: 42487 | C17: 18134 | D17: 12.21 | E17: 78 | F17: 11 | G17: 243 | H17: 2159 | I17: 4388161847 | J17: =COUNTIFS($A$2:$A$941,I17,$B$2:$B$941,"<>") -> 31 | K17: =IF(J17>20,"Active",IF(AND(J17>=10,J17<=20),"Moderate","Light")) -> Active | L17: =AVERAGEIF($A$2:$A$941,I17,$D$2:$D$941) -> 8.3932259 | M17: =IF(L17>10,"Pro",IF(AND(L17<=10,L17>=5),"Intermediate","Beginner")) -> Intermediate | N17: =SUMIF($A$2:$A$941,I17,$C$2:$C$941) -> 335232 | O17: =SUMIF($A$2:$A$941,I17,$H$2:$H$941) -> 95910 | P17: =AVERAGEIF($A$2:$A$941,I17,$E$2:$E$941) -> 23.16129 | Q17: =AVERAGEIF($A$2:$A$941,I17,$F$2:$F$941) -> 20.354839 | R17: =AVERAGEIF($A$2:$A$941,I17,$G$2:$G$941) -> 229.35484
A18: 1503960366 | B18: 42488 | C18: 13154 | D18: 8.5299997 | E18: 48 | F18: 28 | G18: 189 | H18: 1898 | I18: 4445114986 | J18: =COUNTIFS($A$2:$A$941,I18,$B$2:$B$941,"<>") -> 31 | K18: =IF(J18>20,"Active",IF(AND(J18>=10,J18<=20),"Moderate","Light")) -> Active | L18: =AVERAGEIF($A$2:$A$941,I18,$D$2:$D$941) -> 3.2458064 | M18: =IF(L18>10,"Pro",IF(AND(L18<=10,L18>=5),"Intermediate","Beginner")) -> Beginner | N18: =SUMIF($A$2:$A$941,I18,$C$2:$C$941) -> 148693 | O18: =SUMIF($A$2:$A$941,I18,$H$2:$H$941) -> 67772 | P18: =AVERAGEIF($A$2:$A$941,I18,$E$2:$E$941) -> 6.6129032 | Q18: =AVERAGEIF($A$2:$A$941,I18,$F$2:$F$941) -> 1.7419355 | R18: =AVERAGEIF($A$2:$A$941,I18,$G$2:$G$941) -> 209.09677
A19: 1503960366 | B19: 42489 | C19: 11181 | D19: 7.1500001 | E19: 16 | F19: 12 | G19: 243 | H19: 1837 | I19: 4558609924 | J19: =COUNTIFS($A$2:$A$941,I19,$B$2:$B$941,"<>") -> 31 | K19: =IF(J19>20,"Active",IF(AND(J19>=10,J19<=20),"Moderate","Light")) -> Active | L19: =AVERAGEIF($A$2:$A$941,I19,$D$2:$D$941) -> 5.0806452 | M19: =IF(L19>10,"Pro",IF(AND(L19<=10,L19>=5),"Intermediate","Beginner")) -> Intermediate | N19: =SUMIF($A$2:$A$941,I19,$C$2:$C$941) -> 238239 | O19: =SUMIF($A$2:$A$941,I19,$H$2:$H$941) -> 63031 | P19: =AVERAGEIF($A$2:$A$941,I19,$E$2:$E$941) -> 10.387097 | Q19: =AVERAGEIF($A$2:$A$941,I19,$F$2:$F$941) -> 13.709677 | R19: =AVERAGEIF($A$2:$A$941,I19,$G$2:$G$941) -> 284.96774
A20: 1503960366 | B20: 42490 | C20: 14673 | D20: 9.25 | E20: 52 | F20: 34 | G20: 217 | H20: 1947 | I20: 4702921684 | J20: =COUNTIFS($A$2:$A$941,I20,$B$2:$B$941,"<>") -> 31 | K20: =IF(J20>20,"Active",IF(AND(J20>=10,J20<=20),"Moderate","Light")) -> Active | L20: =AVERAGEIF($A$2:$A$941,I20,$D$2:$D$941) -> 6.9551613 | M20: =IF(L20>10,"Pro",IF(AND(L20<=10,L20>=5),"Intermediate","Beginner")) -> Intermediate | N20: =SUMIF($A$2:$A$941,I20,$C$2:$C$941) -> 265734 | O20: =SUMIF($A$2:$A$941,I20,$H$2:$H$941) -> 91932 | P20: =AVERAGEIF($A$2:$A$941,I20,$E$2:$E$941) -> 5.1290323 | Q20: =AVERAGEIF($A$2:$A$941,I20,$F$2:$F$941) -> 26.032258 | R20: =AVERAGEIF($A$2:$A$941,I20,$G$2:$G$941) -> 237.48387
... A34: 1624580081 | B34: 42473 | C34: 7007 | D34: 4.5500002 | E34: 0 | F34: 0 | G34: 148 | H34: 1411 | I34: 8877689391 | J34: =COUNTIFS($A$2:$A$941,I34,$B$2:$B$941,"<>") -> 31 | K34: =IF(J34>20,"Active",IF(AND(J34>=10,J34<=20),"Moderate","Light")) -> Active | L34: =AVERAGEIF($A$2:$A$941,I34,$D$2:$D$941) -> 13.212903 | M34: =IF(L34>10,"Pro",IF(AND(L34<=10,L34>=5),"Intermediate","Beginner")) -> Pro | N34: =SUMIF($A$2:$A$941,I34,$C$2:$C$941) -> 497241 | O34: =SUMIF($A$2:$A$941,I34,$H$2:$H$941) -> 106028 | P34: =AVERAGEIF($A$2:$A$941,I34,$E$2:$E$941) -> 66.064516 | Q34: =AVERAGEIF($A$2:$A$941,I34,$F$2:$F$941) -> 9.9354839 | R34: =AVERAGEIF($A$2:$A$941,I34,$G$2:$G$941) -> 234.70968
A35: 1624580081 | B35: 42474 | C35: 9107 | D35: 5.9200001 | E35: 0 | F35: 0 | G35: 236 | H35: 1572
A36: 1624580081 | B36: 42475 | C36: 1510 | D36: 0.98000002 | E36: 0 | F36: 0 | G36: 96 | H36: 1344
A37: 1624580081 | B37: 42476 | C37: 5370 | D37: 3.49 | E37: 0 | F37: 0 | G37: 176 | H37: 1463
A38: 1624580081 | B38: 42477 | C38: 6175 | D38: 4.0599999 | E38: 15 | F38: 22 | G38: 127 | H38: 1554
A39: 1624580081 | B39: 42478 | C39: 10536 | D39: 7.4099998 | E39: 17 | F39: 7 | G39: 202 | H39: 1604
A40: 1624580081 | B40: 42479 | C40: 2916 | D40: 1.9 | E40: 0 | F40: 0 | G40: 141 | H40: 1435
A41: 1624580081 | B41: 42480 | C41: 4974 | D41: 3.23 | E41: 0 | F41: 0 | G41: 151 | H41: 1446
A42: 1624580081 | B42: 42481 | C42: 6349 | D42: 4.1300001 | E42: 0 | F42: 0 | G42: 186 | H42: 1467
A43: 1624580081 | B43: 42482 | C43: 4026 | D43: 2.6199999 | E43: 0 | F43: 0 | G43: 199 | H43: 1470
A44: 1624580081 | B44: 42483 | C44: 8538 | D44: 5.5500002 | E44: 0 | F44: 0 | G44: 227 | H44: 1562
A45: 1624580081 | B45: 42484 | C45: 6076 | D45: 3.95 | E45: 16 | F45: 18 | G45: 185 | H45: 1617
A46: 1624580081 | B46: 42485 | C46: 6497 | D46: 4.2199998 | E46: 0 | F46: 0 | G46: 202 | H46: 1492
... A941: 8877689391 | B941: 42502 | C941: 8064 | D941: 6.1199999 | E941: 23 | F941: 1 | G941: 137 | H941: 1849

Sheet Task4 Q9
A1: Unique Dates | B1: Days | C1: Group by days | D1: Mean | E1: Group By Mean | F1: Total Steps | G1: Total Calories | H1: AverageVeryActiveMinutes | I1: AverageFairlyActiveMinutes | J1: AverageLightlyActiveMinutes
A2: 42472 | B2: =COUNTIF('Task4 Q1-8'!$B$2:$B$941,A2) -> 33 | C2: =IF(B2>20,"Active",IF(AND(B2>=10,B2<=20),"Moderate","Light")) -> Active | D2: =AVERAGEIF('Task4 Q1-8'!$B$2:$B$941,A2,'Task4 Q1-8'!$D$2:$D$941) -> 5.9827272 | E2: =IF(D2>6,"Pro",IF(AND(D2<=6,D2>=5),"Intermediate","Beginner")) -> Intermediate | F2: =SUMIF('Task4 Q1-8'!$B$2:$B$941,A2,'Task4 Q1-8'!$C$2:$C$941) -> 271816 | G2: =SUMIF('Task4 Q1-8'!$B$2:$B$941,A2,'Task4 Q1-8'!$H$2:$H$941) -> 78893 | H2: =AVERAGEIF('Task4 Q1-8'!$B$2:$B$941,A2,'Task4 Q1-8'!$E$2:$E$941) -> 22.30303 | I2: =AVERAGEIF('Task4 Q1-8'!$B$2:$B$941,A2,'Task4 Q1-8'!$F$2:$F$941) -> 7.8484848 | J2: =AVERAGEIF('Task4 Q1-8'!$B$2:$B$941,A2,'Task4 Q1-8'!$G$2:$G$941) -> 199
A3: 42473 | B3: =COUNTIF('Task4 Q1-8'!$B$2:$B$941,A3) -> 33 | C3: =IF(B3>20,"Active",IF(AND(B3>=10,B3<=20),"Moderate","Light")) -> Active | D3: =AVERAGEIF('Task4 Q1-8'!$B$2:$B$941,A3,'Task4 Q1-8'!$D$2:$D$941) -> 5.1033333 | E3: =IF(D3>6,"Pro",IF(AND(D3<=6,D3>=5),"Intermediate","Beginner")) -> Intermediate | F3: =SUMIF('Task4 Q1-8'!$B$2:$B$941,A3,'Task4 Q1-8'!$C$2:$C$941) -> 237558 | G3: =SUMIF('Task4 Q1-8'!$B$2:$B$941,A3,'Task4 Q1-8'!$H$2:$H$941) -> 75459 | H3: =AVERAGEIF('Task4 Q1-8'!$B$2:$B$941,A3,'Task4 Q1-8'!$E$2:$E$941) -> 20.333333 | I3: =AVERAGEIF('Task4 Q1-8'!$B$2:$B$941,A3,'Task4 Q1-8'!$F$2:$F$941) -> 10.575758 | J3: =AVERAGEIF('Task4 Q1-8'!$B$2:$B$941,A3,'Task4 Q1-8'!$G$2:$G$941) -> 181.75758
A4: 42474 | B4: =COUNTIF('Task4 Q1-8'!$B$2:$B$941,A4) -> 33 | C4: =IF(B4>20,"Active",IF(AND(B4>=10,B4<=20),"Moderate","Light")) -> Active | D4: =AVERAGEIF('Task4 Q1-8'!$B$2:$B$941,A4,'Task4 Q1-8'!$D$2:$D$941) -> 5.599394 | E4: =IF(D4>6,"Pro",IF(AND(D4<=6,D4>=5),"Intermediate","Beginner")) -> Intermediate | F4: =SUMIF('Task4 Q1-8'!$B$2:$B$941,A4,'Task4 Q1-8'!$C$2:$C$941) -> 255538 | G4: =SUMIF('Task4 Q1-8'!$B$2:$B$941,A4,'Task4 Q1-8'!$H$2:$H$941) -> 77761 | H4: =AVERAGEIF('Task4 Q1-8'!$B$2:$B$941,A4,'Task4 Q1-8'!$E$2:$E$941) -> 20.939394 | I4: =AVERAGEIF('Task4 Q1-8'!$B$2:$B$941,A4,'Task4 Q1-8'!$F$2:$F$941) -> 12.393939 | J4: =AVERAGEIF('Task4 Q1-8'!$B$2:$B$941,A4,'Task4 Q1-8'!$G$2:$G$941) -> 201
A5: 42475 | B5: =COUNTIF('Task4 Q1-8'!$B$2:$B$941,A5) -> 33 | C5: =IF(B5>20,"Active",IF(AND(B5>=10,B5<=20),"Moderate","Light")) -> Active | D5: =AVERAGEIF('Task4 Q1-8'!$B$2:$B$941,A5,'Task4 Q1-8'!$D$2:$D$941) -> 5.2878788 | E5: =IF(D5>6,"Pro",IF(AND(D5<=6,D5>=5),"Intermediate","Beginner")) -> Intermediate | F5: =SUMIF('Task4 Q1-8'!$B$2:$B$941,A5,'Task4 Q1-8'!$C$2:$C$941) -> 248617 | G5: =SUMIF('Task4 Q1-8'!$B$2:$B$941,A5,'Task4 Q1-8'!$H$2:$H$941) -> 77721 | H5: =AVERAGEIF('Task4 Q1-8'!$B$2:$B$941,A5,'Task4 Q1-8'!$E$2:$E$941) -> 19.181818 | I5: =AVERAGEIF('Task4 Q1-8'!$B$2:$B$941,A5,'Task4 Q1-8'!$F$2:$F$941) -> 9.8787879 | J5: =AVERAGEIF('Task4 Q1-8'!$B$2:$B$941,A5,'Task4 Q1-8'!$G$2:$G$941) -> 213.84848
A6: 42476 | B6: =COUNTIF('Task4 Q1-8'!$B$2:$B$941,A6) -> 32 | C6: =IF(B6>20,"Active",IF(AND(B6>=10,B6<=20),"Moderate","Light")) -> Active | D6: =AVERAGEIF('Task4 Q1-8'!$B$2:$B$941,A6,'Task4 Q1-8'!$D$2:$D$941) -> 6.2915625 | E6: =IF(D6>6,"Pro",IF(AND(D6<=6,D6>=5),"Intermediate","Beginner")) -> Pro | F6: =SUMIF('Task4 Q1-8'!$B$2:$B$941,A6,'Task4 Q1-8'!$C$2:$C$941) -> 277733 | G6: =SUMIF('Task4 Q1-8'!$B$2:$B$941,A6,'Task4 Q1-8'!$H$2:$H$941) -> 76574 | H6: =AVERAGEIF('Task4 Q1-8'!$B$2:$B$941,A6,'Task4 Q1-8'!$E$2:$E$941) -> 27.84375 | I6: =AVERAGEIF('Task4 Q1-8'!$B$2:$B$941,A6,'Task4 Q1-8'!$F$2:$F$941) -> 15.125 | J6: =AVERAGEIF('Task4 Q1-8'!$B$2:$B$941,A6,'Task4 Q1-8'!$G$2:$G$941) -> 193.8125
A7: 42477 | B7: =COUNTIF('Task4 Q1-8'!$B$2:$B$941,A7) -> 32 | C7: =IF(B7>20,"Active",IF(AND(B7>=10,B7<=20),"Moderate","Light")) -> Active | D7: =AVERAGEIF('Task4 Q1-8'!$B$2:$B$941,A7,'Task4 Q1-8'!$D$2:$D$941) -> 4.540625 | E7: =IF(D7>6,"Pro",IF(AND(D7<=6,D7>=5),"Intermediate","Beginner")) -> Beginner | F7: =SUMIF('Task4 Q1-8'!$B$2:$B$941,A7,'Task4 Q1-8'!$C$2:$C$941) -> 205096 | G7: =SUMIF('Task4 Q1-8'!$B$2:$B$941,A7,'Task4 Q1-8'!$H$2:$H$941) -> 71391 | H7: =AVERAGEIF('Task4 Q1-8'!$B$2:$B$941,A7,'Task4 Q1-8'!$E$2:$E$941) -> 18.90625 | I7: =AVERAGEIF('Task4 Q1-8'!$B$2:$B$941,A7,'Task4 Q1-8'!$F$2:$F$941) -> 11.84375 | J7: =AVERAGEIF('Task4 Q1-8'!$B$2:$B$941,A7,'Task4 Q1-8'!$G$2:$G$941) -> 165.34375
A8: 42478 | B8: =COUNTIF('Task4 Q1-8'!$B$2:$B$941,A8) -> 32 | C8: =IF(B8>20,"Active",IF(AND(B8>=10,B8<=20),"Moderate","Light")) -> Active | D8: =AVERAGEIF('Task4 Q1-8'!$B$2:$B$941,A8,'Task4 Q1-8'!$D$2:$D$941) -> 5.6578125 | E8: =IF(D8>6,"Pro",IF(AND(D8<=6,D8>=5),"Intermediate","Beginner")) -> Intermediate | F8: =SUMIF('Task4 Q1-8'!$B$2:$B$941,A8,'Task4 Q1-8'!$C$2:$C$941) -> 252703 | G8: =SUMIF('Task4 Q1-8'!$B$2:$B$941,A8,'Task4 Q1-8'!$H$2:$H$941) -> 74668 | H8: =AVERAGEIF('Task4 Q1-8'!$B$2:$B$941,A8,'Task4 Q1-8'!$E$2:$E$941) -> 24.40625 | I8: =AVERAGEIF('Task4 Q1-8'!$B$2:$B$941,A8,'Task4 Q1-8'!$F$2:$F$941) -> 16.125 | J8: =AVERAGEIF('Task4 Q1-8'!$B$2:$B$941,A8,'Task4 Q1-8'!$G$2:$G$941) -> 188.28125
A9: 42479 | B9: =COUNTIF('Task4 Q1-8'!$B$2:$B$941,A9) -> 32 | C9: =IF(B9>20,"Active",IF(AND(B9>=10,B9<=20),"Moderate","Light")) -> Active | D9: =AVERAGEIF('Task4 Q1-8'!$B$2:$B$941,A9,'Task4 Q1-8'!$D$2:$D$941) -> 5.8718749 | E9: =IF(D9>6,"Pro",IF(AND(D9<=6,D9>=5),"Intermediate","Beginner")) -> Intermediate | F9: =SUMIF('Task4 Q1-8'!$B$2:$B$941,A9,'Task4 Q1-8'!$C$2:$C$941) -> 257557 | G9: =SUMIF('Task4 Q1-8'!$B$2:$B$941,A9,'Task4 Q1-8'!$H$2:$H$941) -> 75491 | H9: =AVERAGEIF('Task4 Q1-8'!$B$2:$B$941,A9,'Task4 Q1-8'!$E$2:$E$941) -> 23.96875 | I9: =AVERAGEIF('Task4 Q1-8'!$B$2:$B$941,A9,'Task4 Q1-8'!$F$2:$F$941) -> 13.78125 | J9: =AVERAGEIF('Task4 Q1-8'!$B$2:$B$941,A9,'Task4 Q1-8'!$G$2:$G$941) -> 201.90625
A10: 42480 | B10: =COUNTIF('Task4 Q1-8'!$B$2:$B$941,A10) -> 32 | C10: =IF(B10>20,"Active",IF(AND(B10>=10,B10<=20),"Moderate","Light")) -> Active | D10: =AVERAGEIF('Task4 Q1-8'!$B$2:$B$941,A10,'Task4 Q1-8'!$D$2:$D$941) -> 5.9503125 | E10: =IF(D10>6,"Pro",IF(AND(D10<=6,D10>=5),"Intermediate","Beginner")) -> Intermediate | F10: =SUMIF('Task4 Q1-8'!$B$2:$B$941,A10,'Task4 Q1-8'!$C$2:$C$941) -> 261215 | G10: =SUMIF('Task4 Q1-8'!$B$2:$B$941,A10,'Task4 Q1-8'!$H$2:$H$941) -> 76647 | H10: =AVERAGEIF('Task4 Q1-8'!$B$2:$B$941,A10,'Task4 Q1-8'!$E$2:$E$941) -> 24.1875 | I10: =AVERAGEIF('Task4 Q1-8'!$B$2:$B$941,A10,'Task4 Q1-8'!$F$2:$F$941) -> 18.75 | J10: =AVERAGEIF('Task4 Q1-8'!$B$2:$B$941,A10,'Task4 Q1-8'!$G$2:$G$941) -> 203.59375
A11: 42481 | B11: =COUNTIF('Task4 Q1-8'!$B$2:$B$941,A11) -> 32 | C11: =IF(B11>20,"Active",IF(AND(B11>=10,B11<=20),"Moderate","Light")) -> Active | D11: =AVERAGEIF('Task4 Q1-8'!$B$2:$B$941,A11,'Task4 Q1-8'!$D$2:$D$941) -> 6.0300001 | E11: =IF(D11>6,"Pro",IF(AND(D11<=6,D11>=5),"Intermediate","Beginner")) -> Pro | F11: =SUMIF('Task4 Q1-8'!$B$2:$B$941,A11,'Task4 Q1-8'!$C$2:$C$941) -> 263795 | G11: =SUMIF('Task4 Q1-8'!$B$2:$B$941,A11,'Task4 Q1-8'!$H$2:$H$941) -> 77500 | H11: =AVERAGEIF('Task4 Q1-8'!$B$2:$B$941,A11,'Task4 Q1-8'!$E$2:$E$941) -> 26.84375 | I11: =AVERAGEIF('Task4 Q1-8'!$B$2:$B$941,A11,'Task4 Q1-8'!$F$2:$F$941) -> 14.9375 | J11: =AVERAGEIF('Task4 Q1-8'!$B$2:$B$941,A11,'Task4 Q1-8'!$G$2:$G$941) -> 182.65625
A12: 42482 | B12: =COUNTIF('Task4 Q1-8'!$B$2:$B$941,A12) -> 32 | C12: =IF(B12>20,"Active",IF(AND(B12>=10,B12<=20),"Moderate","Light")) -> Active | D12: =AVERAGEIF('Task4 Q1-8'!$B$2:$B$941,A12,'Task4 Q1-8'!$D$2:$D$941) -> 5.3278125 | E12: =IF(D12>6,"Pro",IF(AND(D12<=6,D12>=5),"Intermediate","Beginner")) -> Intermediate | F12: =SUMIF('Task4 Q1-8'!$B$2:$B$941,A12,'Task4 Q1-8'!$C$2:$C$941) -> 238284 | G12: =SUMIF('Task4 Q1-8'!$B$2:$B$941,A12,'Task4 Q1-8'!$H$2:$H$941) -> 74485 | H12: =AVERAGEIF('Task4 Q1-8'!$B$2:$B$941,A12,'Task4 Q1-8'!$E$2:$E$941) -> 24.4375 | I12: =AVERAGEIF('Task4 Q1-8'!$B$2:$B$941,A12,'Task4 Q1-8'!$F$2:$F$941) -> 13.25 | J12: =AVERAGEIF('Task4 Q1-8'!$B$2:$B$941,A12,'Task4 Q1-8'!$G$2:$G$941) -> 195.53125
A13: 42483 | B13: =COUNTIF('Task4 Q1-8'!$B$2:$B$941,A13) -> 32 | C13: =IF(B13>20,"Active",IF(AND(B13>=10,B13<=20),"Moderate","Light")) -> Active | D13: =AVERAGEIF('Task4 Q1-8'!$B$2:$B$941,A13,'Task4 Q1-8'!$D$2:$D$941) -> 5.84125 | E13: =IF(D13>6,"Pro",IF(AND(D13<=6,D13>=5),"Intermediate","Beginner")) -> Intermediate | F13: =SUMIF('Task4 Q1-8'!$B$2:$B$941,A13,'Task4 Q1-8'!$C$2:$C$941) -> 267124 | G13: =SUMIF('Task4 Q1-8'!$B$2:$B$941,A13,'Task4 Q1-8'!$H$2:$H$941) -> 76709 | H13: =AVERAGEIF('Task4 Q1-8'!$B$2:$B$941,A13,'Task4 Q1-8'!$E$2:$E$941) -> 18.78125 | I13: =AVERAGEIF('Task4 Q1-8'!$B$2:$B$941,A13,'Task4 Q1-8'!$F$2:$F$941) -> 15.03125 | J13: =AVERAGEIF('Task4 Q1-8'!$B$2:$B$941,A13,'Task4 Q1-8'!$G$2:$G$941) -> 232.90625
... A33: 42472 | B33: =COUNTIF('Task4 Q1-8'!$B$2:$B$941,A33) -> 33 | C33: =IF(B33>20,"Active",IF(AND(B33>=10,B33<=20),"Moderate","Light")) -> Active | D33: =AVERAGEIF('Task4 Q1-8'!$B$2:$B$941,A33,'Task4 Q1-8'!$D$2:$D$941) -> 5.9827272 | E33: =IF(D33>6,"Pro",IF(AND(D33<=6,D33>=5),"Intermediate","Beginner")) -> Intermediate | F33: =SUMIF('Task4 Q1-8'!$B$2:$B$941,A33,'Task4 Q1-8'!$C$2:$C$941) -> 271816 | G33: =SUMIF('Task4 Q1-8'!$B$2:$B$941,A33,'Task4 Q1-8'!$H$2:$H$941) -> 78893 | H33: =AVERAGEIF('Task4 Q1-8'!$B$2:$B$941,A33,'Task4 Q1-8'!$E$2:$E$941) -> 22.30303 | I33: =AVERAGEIF('Task4 Q1-8'!$B$2:$B$941,A33,'Task4 Q1-8'!$F$2:$F$941) -> 7.8484848 | J33: =AVERAGEIF('Task4 Q1-8'!$B$2:$B$941,A33,'Task4 Q1-8'!$G$2:$G$941) -> 199

Sheet Dashboard
H2: WeFit Fitness Tracker
